model,dataset,layer,condition,top1_feature,top1_abs_delta,top1_signed_delta,mean_feature_abs_change,max_feature_abs_change,feature_stability,num_samples
llama,squad,15,noise_1_character,21947,0.00787,0.007719,0.002994,0.00787,100.0,1500
llama,squad,15,noise_2_word_dropout,86546,0.010736,0.01046,0.002872,0.010736,100.0,1500
llama,squad,15,noise_3_token_shuffle,124424,0.00282,0.002695,0.001263,0.00282,100.0,1500
llama,squad,15,noise_4_semantic,39261,0.007992,0.007763,0.002815,0.007992,100.0,1500
llama,squad,15,noise_5_adversarial,30999,0.004982,-0.004758,0.001138,0.004982,100.0,1500
llama,squad,18,noise_1_character,51707,0.012818,0.012484,0.005478,0.012818,99.87,1500
llama,squad,18,noise_2_word_dropout,74446,0.011591,0.011185,0.004405,0.011591,99.33,1500
llama,squad,18,noise_3_token_shuffle,77657,0.00413,0.003974,0.001842,0.00413,100.0,1500
llama,squad,18,noise_4_semantic,73341,0.011501,0.010533,0.004366,0.011501,99.8,1500
llama,squad,18,noise_5_adversarial,94074,0.006333,-0.005677,0.001953,0.006333,99.93,1500
llama,squad,20,noise_1_character,96573,0.016693,0.016214,0.006919,0.016693,99.73,1500
llama,squad,20,noise_2_word_dropout,116554,0.014891,0.014224,0.005711,0.014891,99.8,1500
llama,squad,20,noise_3_token_shuffle,117680,0.004609,0.00438,0.002254,0.004609,99.87,1500
llama,squad,20,noise_4_semantic,106247,0.013354,0.012687,0.005045,0.013354,99.73,1500
llama,squad,20,noise_5_adversarial,116554,0.007745,-0.006953,0.002597,0.007745,99.87,1500
llama,squad,22,noise_1_character,5682,0.03937,0.038974,0.008918,0.03937,99.93,1500
llama,squad,22,noise_2_word_dropout,33405,0.026224,0.025328,0.008158,0.026224,99.93,1500
llama,squad,22,noise_3_token_shuffle,5682,0.005266,0.005057,0.002586,0.005266,100.0,1500
llama,squad,22,noise_4_semantic,3245,0.017013,0.016232,0.006711,0.017013,99.87,1500
llama,squad,22,noise_5_adversarial,33405,0.012453,-0.011016,0.003762,0.012453,99.87,1500
llama,squad,25,noise_1_character,39417,0.044083,0.043313,0.013722,0.044083,98.4,1500
llama,squad,25,noise_2_word_dropout,60891,0.025516,0.024703,0.012695,0.025516,99.0,1500
llama,squad,25,noise_3_token_shuffle,32539,0.00874,0.008531,0.003386,0.00874,99.13,1500
llama,squad,25,noise_4_semantic,3903,0.020422,0.019453,0.009095,0.020422,98.6,1500
llama,squad,25,noise_5_adversarial,46787,0.011984,-0.010464,0.005502,0.011984,99.2,1500
llama,ms_marco,15,noise_1_character,87052,0.018618,0.018525,0.006496,0.018618,99.87,1500
llama,ms_marco,15,noise_2_word_dropout,79260,0.012947,0.012827,0.004331,0.012947,99.87,1500
llama,ms_marco,15,noise_3_token_shuffle,101074,0.00654,0.006288,0.00276,0.00654,100.0,1500
llama,ms_marco,15,noise_4_semantic,91928,0.028199,0.027829,0.006606,0.028199,99.8,1500
llama,ms_marco,15,noise_5_adversarial,124287,0.012854,-0.012283,0.003262,0.012854,100.0,1500
llama,ms_marco,18,noise_1_character,45057,0.024458,0.024312,0.009916,0.024458,99.07,1500
llama,ms_marco,18,noise_2_word_dropout,44532,0.017081,0.016805,0.006147,0.017081,99.13,1500
llama,ms_marco,18,noise_3_token_shuffle,22435,0.007479,0.007031,0.00384,0.007479,99.4,1500
llama,ms_marco,18,noise_4_semantic,64466,0.039934,0.03945,0.010167,0.039934,99.0,1500
llama,ms_marco,18,noise_5_adversarial,29521,0.01775,0.017417,0.005541,0.01775,99.4,1500
llama,ms_marco,20,noise_1_character,46379,0.034016,0.033849,0.012665,0.034016,99.47,1500
llama,ms_marco,20,noise_2_word_dropout,24,0.02538,0.02513,0.008174,0.02538,99.93,1500
llama,ms_marco,20,noise_3_token_shuffle,101391,0.008068,0.007307,0.004553,0.008068,99.73,1500
llama,ms_marco,20,noise_4_semantic,19533,0.034104,0.033781,0.012006,0.034104,99.2,1500
llama,ms_marco,20,noise_5_adversarial,85354,0.021349,-0.021026,0.006654,0.021349,99.33,1500
llama,ms_marco,22,noise_1_character,83093,0.047473,0.047441,0.014739,0.047473,98.73,1500
llama,ms_marco,22,noise_2_word_dropout,76325,0.031344,0.029917,0.011263,0.031344,98.2,1500
llama,ms_marco,22,noise_3_token_shuffle,130023,0.008281,0.006677,0.005097,0.008281,99.4,1500
llama,ms_marco,22,noise_4_semantic,76325,0.04938,-0.047599,0.016224,0.04938,95.13,1500
llama,ms_marco,22,noise_5_adversarial,76325,0.042526,-0.041557,0.008861,0.042526,98.6,1500
llama,ms_marco,25,noise_1_character,108575,0.074656,0.074313,0.020188,0.074656,98.4,1500
llama,ms_marco,25,noise_2_word_dropout,126720,0.037339,0.036505,0.017678,0.037339,99.07,1500
llama,ms_marco,25,noise_3_token_shuffle,40576,0.015376,0.014855,0.006658,0.015376,99.53,1500
llama,ms_marco,25,noise_4_semantic,107992,0.053453,0.052932,0.022854,0.053453,98.8,1500
llama,ms_marco,25,noise_5_adversarial,11306,0.028922,-0.028276,0.012395,0.028922,99.0,1500
llama,qtsumm,15,noise_1_character,26833,0.000188,-1.4e-05,5.8e-05,0.000188,100.0,1078
llama,qtsumm,15,noise_2_word_dropout,57079,0.00021,-7e-06,6.3e-05,0.00021,100.0,1078
llama,qtsumm,15,noise_3_token_shuffle,42,7e-06,-7e-06,0.0,7e-06,100.0,1078
llama,qtsumm,15,noise_4_semantic,48986,0.000188,0.0,5.6e-05,0.000188,100.0,1078
llama,qtsumm,15,noise_5_adversarial,100379,0.000236,1.1e-05,8.1e-05,0.000236,100.0,1078
llama,qtsumm,18,noise_1_character,40455,0.000268,5.1e-05,9e-05,0.000268,100.0,1078
llama,qtsumm,18,noise_2_word_dropout,90149,0.000312,-9.4e-05,0.000103,0.000312,100.0,1078
llama,qtsumm,18,noise_3_token_shuffle,713,1.4e-05,1.4e-05,1e-06,1.4e-05,100.0,1078
llama,qtsumm,18,noise_4_semantic,109574,0.000261,0.0,8.7e-05,0.000261,100.0,1078
llama,qtsumm,18,noise_5_adversarial,101976,0.000355,-7e-06,0.000126,0.000355,100.0,1078
llama,qtsumm,20,noise_1_character,46142,0.000391,-0.000116,0.000107,0.000391,100.0,1078
llama,qtsumm,20,noise_2_word_dropout,58390,0.000413,7e-06,0.000128,0.000413,100.0,1078
llama,qtsumm,20,noise_3_token_shuffle,73,1.4e-05,1.4e-05,1e-06,1.4e-05,100.0,1078
llama,qtsumm,20,noise_4_semantic,46142,0.000362,1.4e-05,0.000107,0.000362,100.0,1078
llama,qtsumm,20,noise_5_adversarial,121341,0.000522,0.000116,0.000152,0.000522,100.0,1078
llama,qtsumm,22,noise_1_character,36184,0.000435,5.8e-05,0.000142,0.000435,100.0,1078
llama,qtsumm,22,noise_2_word_dropout,39363,0.000493,-0.000174,0.000181,0.000493,100.0,1078
llama,qtsumm,22,noise_3_token_shuffle,1,1.4e-05,1.4e-05,2e-06,1.4e-05,100.0,1078
llama,qtsumm,22,noise_4_semantic,45953,0.000449,0.000159,0.000149,0.000449,100.0,1078
llama,qtsumm,22,noise_5_adversarial,6033,0.000565,0.000101,0.000207,0.000565,100.0,1078
llama,qtsumm,25,noise_1_character,18441,0.000696,0.000174,0.0002,0.000696,99.81,1078
llama,qtsumm,25,noise_2_word_dropout,37889,0.000768,4.3e-05,0.000254,0.000768,100.0,1078
llama,qtsumm,25,noise_3_token_shuffle,28,2.9e-05,2.9e-05,4e-06,2.9e-05,100.0,1078
llama,qtsumm,25,noise_4_semantic,13238,0.000681,-0.00013,0.000205,0.000681,99.72,1078
llama,qtsumm,25,noise_5_adversarial,59746,0.000884,-1.4e-05,0.000283,0.000884,99.72,1078
qwen,squad,13,noise_1_character,91270,0.05775,0.05775,0.011341,0.05775,99.8,1500
qwen,squad,13,noise_2_word_dropout,75358,0.044865,-0.044526,0.010838,0.044865,99.73,1500
qwen,squad,13,noise_3_token_shuffle,9674,0.017167,0.016375,0.004643,0.017167,99.93,1500
qwen,squad,13,noise_4_semantic,75555,0.07975,0.079636,0.014971,0.07975,99.67,1500
qwen,squad,13,noise_5_adversarial,45325,0.03375,-0.020083,0.004439,0.03375,99.87,1500
qwen,squad,15,noise_1_character,100811,0.109784,0.109774,0.012584,0.109784,97.93,1500
qwen,squad,15,noise_2_word_dropout,80116,0.067677,-0.067385,0.011902,0.067677,98.13,1500
qwen,squad,15,noise_3_token_shuffle,106111,0.023957,0.02378,0.005244,0.023957,98.27,1500
qwen,squad,15,noise_4_semantic,91369,0.077378,0.077232,0.016278,0.077378,97.87,1500
qwen,squad,15,noise_5_adversarial,16123,0.033917,-0.02075,0.004638,0.033917,97.87,1500
qwen,squad,18,noise_1_character,24791,0.206813,0.206646,0.014344,0.206813,99.47,1500
qwen,squad,18,noise_2_word_dropout,7140,0.075445,-0.073982,0.015011,0.075445,99.33,1500
qwen,squad,18,noise_3_token_shuffle,77000,0.030807,0.029911,0.006474,0.030807,99.8,1500
qwen,squad,18,noise_4_semantic,114675,0.173862,0.172862,0.018235,0.173862,99.13,1500
qwen,squad,18,noise_5_adversarial,67563,0.047816,0.047754,0.005389,0.047816,99.67,1500
qwen,squad,20,noise_1_character,107092,0.185362,0.185294,0.020732,0.185362,98.93,1500
qwen,squad,20,noise_2_word_dropout,100386,0.138854,-0.136646,0.020136,0.138854,98.6,1500
qwen,squad,20,noise_3_token_shuffle,49083,0.027458,0.018375,0.00845,0.027458,99.4,1500
qwen,squad,20,noise_4_semantic,35571,0.153875,-0.151375,0.024758,0.153875,98.4,1500
qwen,squad,20,noise_5_adversarial,14891,0.08835,0.088005,0.00735,0.08835,99.2,1500
qwen,squad,22,noise_1_character,50932,0.31125,0.310917,0.029525,0.31125,97.8,1500
qwen,squad,22,noise_2_word_dropout,19516,0.178417,-0.1755,0.028021,0.178417,97.87,1500
qwen,squad,22,noise_3_token_shuffle,75210,0.045167,-0.037833,0.011743,0.045167,98.87,1500
qwen,squad,22,noise_4_semantic,77937,0.223958,0.223792,0.033372,0.223958,97.8,1500
qwen,squad,22,noise_5_adversarial,91239,0.174229,0.173896,0.010805,0.174229,99.33,1500
qwen,ms_marco,13,noise_1_character,90293,0.184333,0.184292,0.026784,0.184333,97.73,1500
qwen,ms_marco,13,noise_2_word_dropout,52010,0.097417,0.09075,0.022725,0.097417,98.73,1500
qwen,ms_marco,13,noise_3_token_shuffle,85529,0.050958,0.050667,0.010391,0.050958,98.73,1500
qwen,ms_marco,13,noise_4_semantic,35312,0.243729,0.243646,0.044853,0.243729,98.07,1500
qwen,ms_marco,13,noise_5_adversarial,78890,0.169333,-0.166167,0.020885,0.169333,97.6,1500
qwen,ms_marco,15,noise_1_character,108213,0.178646,0.178521,0.029248,0.178646,97.4,1500
qwen,ms_marco,15,noise_2_word_dropout,82109,0.100964,0.100646,0.024431,0.100964,97.53,1500
qwen,ms_marco,15,noise_3_token_shuffle,8997,0.075813,0.074771,0.011594,0.075813,98.67,1500
qwen,ms_marco,15,noise_4_semantic,3887,0.24125,0.241083,0.053524,0.24125,96.6,1500
qwen,ms_marco,15,noise_5_adversarial,12895,0.13325,-0.132583,0.021448,0.13325,97.27,1500
qwen,ms_marco,18,noise_1_character,100717,0.392208,0.392208,0.033484,0.392208,99.93,1500
qwen,ms_marco,18,noise_2_word_dropout,30646,0.140417,0.139333,0.031256,0.140417,99.87,1500
qwen,ms_marco,18,noise_3_token_shuffle,73917,0.084729,0.084063,0.014205,0.084729,100.0,1500
qwen,ms_marco,18,noise_4_semantic,49076,0.36809,0.368045,0.062408,0.36809,99.87,1500
qwen,ms_marco,18,noise_5_adversarial,22001,0.173932,0.173891,0.024168,0.173932,99.73,1500
qwen,ms_marco,20,noise_1_character,15935,0.512479,0.512438,0.044632,0.512479,91.6,1500
qwen,ms_marco,20,noise_2_word_dropout,48069,0.26425,-0.262125,0.039154,0.26425,92.87,1500
qwen,ms_marco,20,noise_3_token_shuffle,62992,0.081,0.038667,0.018426,0.081,94.53,1500
qwen,ms_marco,20,noise_4_semantic,89184,0.453229,0.453229,0.085572,0.453229,89.8,1500
qwen,ms_marco,20,noise_5_adversarial,26099,0.290124,-0.289811,0.035768,0.290124,90.2,1500
qwen,ms_marco,22,noise_1_character,31455,0.828792,0.828792,0.064646,0.828792,97.93,1500
qwen,ms_marco,22,noise_2_word_dropout,112159,0.432833,-0.4245,0.051007,0.432833,97.87,1500
qwen,ms_marco,22,noise_3_token_shuffle,74490,0.135378,0.133299,0.025371,0.135378,99.0,1500
qwen,ms_marco,22,noise_4_semantic,51571,0.7635,0.763333,0.103632,0.7635,97.87,1500
qwen,ms_marco,22,noise_5_adversarial,111468,0.348443,0.333568,0.051529,0.348443,99.0,1500
qwen,qtsumm,13,noise_1_character,25698,0.004754,0.000696,0.000275,0.004754,100.0,1078
qwen,qtsumm,13,noise_2_word_dropout,13300,0.003711,0.0,0.000254,0.003711,100.0,1078
qwen,qtsumm,13,noise_3_token_shuffle,33215,0.000232,-0.000232,6e-06,0.000232,100.0,1078
qwen,qtsumm,13,noise_4_semantic,25698,0.004812,0.000522,0.000282,0.004812,100.0,1078
qwen,qtsumm,13,noise_5_adversarial,25698,0.006609,0.0,0.000391,0.006609,100.0,1078
qwen,qtsumm,15,noise_1_character,113644,0.00458,0.000638,0.000329,0.00458,100.0,1078
qwen,qtsumm,15,noise_2_word_dropout,79255,0.003711,0.002551,0.000302,0.003711,100.0,1078
qwen,qtsumm,15,noise_3_token_shuffle,4314,0.000232,-0.000232,7e-06,0.000232,100.0,1078
qwen,qtsumm,15,noise_4_semantic,15706,0.004696,0.000406,0.000335,0.004696,100.0,1078
qwen,qtsumm,15,noise_5_adversarial,113644,0.006146,-0.000348,0.000464,0.006146,100.0,1078
qwen,qtsumm,18,noise_1_character,107048,0.002667,-0.000232,0.000379,0.002667,100.0,1078
qwen,qtsumm,18,noise_2_word_dropout,29978,0.002725,-0.000522,0.000352,0.002725,100.0,1078
qwen,qtsumm,18,noise_3_token_shuffle,1360,0.000116,0.000116,7e-06,0.000116,100.0,1078
qwen,qtsumm,18,noise_4_semantic,76617,0.002551,-0.00116,0.000389,0.002551,100.0,1078
qwen,qtsumm,18,noise_5_adversarial,107048,0.003595,0.000232,0.000535,0.003595,100.0,1078
qwen,qtsumm,20,noise_1_character,2758,0.005798,-0.003247,0.000485,0.005798,99.91,1078
qwen,qtsumm,20,noise_2_word_dropout,2758,0.006494,0.005566,0.000461,0.006494,99.91,1078
qwen,qtsumm,20,noise_3_token_shuffle,2758,0.000464,-0.000464,1e-05,0.000464,100.0,1078
qwen,qtsumm,20,noise_4_semantic,2758,0.006262,-0.003711,0.000498,0.006262,99.81,1078
qwen,qtsumm,20,noise_5_adversarial,2758,0.008233,-0.005218,0.000688,0.008233,99.72,1078
qwen,qtsumm,22,noise_1_character,16520,0.00516,0.001218,0.000617,0.00516,100.0,1078
qwen,qtsumm,22,noise_2_word_dropout,16520,0.004406,0.0,0.000598,0.004406,100.0,1078
qwen,qtsumm,22,noise_3_token_shuffle,83110,0.000232,-0.000232,1.4e-05,0.000232,100.0,1078
qwen,qtsumm,22,noise_4_semantic,16520,0.005566,0.000928,0.000631,0.005566,100.0,1078
qwen,qtsumm,22,noise_5_adversarial,16520,0.007537,-0.000116,0.000876,0.007537,100.0,1078
gemma,squad,19,noise_1_character,110777,0.146083,0.145417,0.055686,0.146083,100.0,1500
gemma,squad,19,noise_2_word_dropout,76769,0.097292,0.095042,0.039352,0.097292,100.0,1500
gemma,squad,19,noise_3_token_shuffle,92934,0.054625,0.053792,0.022993,0.054625,100.0,1500
gemma,squad,19,noise_4_semantic,37827,0.147167,0.146667,0.057912,0.147167,100.0,1500
gemma,squad,19,noise_5_adversarial,109747,0.053167,0.04975,0.015881,0.053167,100.0,1500
gemma,squad,23,noise_1_character,113094,0.199375,0.198375,0.075885,0.199375,99.13,1500
gemma,squad,23,noise_2_word_dropout,82668,0.109458,0.108542,0.039659,0.109458,99.47,1500
gemma,squad,23,noise_3_token_shuffle,94684,0.063667,0.062667,0.023563,0.063667,99.93,1500
gemma,squad,23,noise_4_semantic,93643,0.168167,0.165667,0.059492,0.168167,99.33,1500
gemma,squad,23,noise_5_adversarial,44807,0.063833,0.062,0.018394,0.063833,99.67,1500
gemma,squad,26,noise_1_character,85426,0.212917,0.211417,0.094966,0.212917,99.87,1500
gemma,squad,26,noise_2_word_dropout,84305,0.149917,0.147417,0.052928,0.149917,99.93,1500
gemma,squad,26,noise_3_token_shuffle,57828,0.064917,0.063917,0.026088,0.064917,99.93,1500
gemma,squad,26,noise_4_semantic,54299,0.22175,0.219583,0.05956,0.22175,99.73,1500
gemma,squad,26,noise_5_adversarial,100624,0.072167,-0.068667,0.022015,0.072167,99.93,1500
gemma,squad,29,noise_1_character,100519,0.288583,0.286417,0.123468,0.288583,99.87,1500
gemma,squad,29,noise_2_word_dropout,41118,0.167833,0.1645,0.061466,0.167833,99.93,1500
gemma,squad,29,noise_3_token_shuffle,47045,0.071667,0.07,0.029756,0.071667,100.0,1500
gemma,squad,29,noise_4_semantic,4649,0.169917,0.16775,0.06282,0.169917,99.93,1500
gemma,squad,29,noise_5_adversarial,101857,0.092583,0.088083,0.025657,0.092583,99.87,1500
gemma,squad,33,noise_1_character,65044,0.329667,0.328,0.14971,0.329667,100.0,1500
gemma,squad,33,noise_2_word_dropout,97062,0.21525,0.211583,0.088228,0.21525,100.0,1500
gemma,squad,33,noise_3_token_shuffle,60600,0.07975,0.076417,0.036603,0.07975,100.0,1500
gemma,squad,33,noise_4_semantic,108752,0.196833,0.1925,0.079116,0.196833,100.0,1500
gemma,squad,33,noise_5_adversarial,58225,0.112333,-0.104333,0.035436,0.112333,100.0,1500
gemma,ms_marco,19,noise_1_character,70203,0.331125,0.330458,0.128652,0.331125,100.0,1500
gemma,ms_marco,19,noise_2_word_dropout,5923,0.159125,0.157375,0.064308,0.159125,100.0,1500
gemma,ms_marco,19,noise_3_token_shuffle,102348,0.107417,0.10525,0.046716,0.107417,100.0,1500
gemma,ms_marco,19,noise_4_semantic,40934,0.491833,0.491333,0.20227,0.491833,100.0,1500
gemma,ms_marco,19,noise_5_adversarial,24982,0.181917,0.18075,0.05053,0.181917,100.0,1500
gemma,ms_marco,23,noise_1_character,4398,0.419667,0.419167,0.184641,0.419667,97.8,1500
gemma,ms_marco,23,noise_2_word_dropout,99629,0.182833,0.180083,0.063393,0.182833,98.73,1500
gemma,ms_marco,23,noise_3_token_shuffle,78908,0.10825,0.105417,0.048553,0.10825,99.07,1500
gemma,ms_marco,23,noise_4_semantic,55961,0.515542,0.515292,0.183178,0.515542,98.0,1500
gemma,ms_marco,23,noise_5_adversarial,72887,0.285167,0.2845,0.074577,0.285167,98.27,1500
gemma,ms_marco,26,noise_1_character,73000,0.55225,0.55175,0.219867,0.55225,100.0,1500
gemma,ms_marco,26,noise_2_word_dropout,29066,0.2295,0.226167,0.077884,0.2295,100.0,1500
gemma,ms_marco,26,noise_3_token_shuffle,98988,0.11875,0.116417,0.05208,0.11875,100.0,1500
gemma,ms_marco,26,noise_4_semantic,84743,0.483833,0.4825,0.150806,0.483833,100.0,1500
gemma,ms_marco,26,noise_5_adversarial,102336,0.271125,0.269458,0.070277,0.271125,99.93,1500
gemma,ms_marco,29,noise_1_character,35600,0.587833,0.5875,0.282844,0.587833,100.0,1500
gemma,ms_marco,29,noise_2_word_dropout,65783,0.330625,0.329875,0.090485,0.330625,100.0,1500
gemma,ms_marco,29,noise_3_token_shuffle,83649,0.128583,0.12575,0.061801,0.128583,100.0,1500
gemma,ms_marco,29,noise_4_semantic,110634,0.504667,0.502833,0.160438,0.504667,99.93,1500
gemma,ms_marco,29,noise_5_adversarial,5977,0.316417,0.314583,0.086297,0.316417,100.0,1500
gemma,ms_marco,33,noise_1_character,72170,0.654417,0.651083,0.319116,0.654417,100.0,1500
gemma,ms_marco,33,noise_2_word_dropout,11301,0.331,0.329667,0.125688,0.331,100.0,1500
gemma,ms_marco,33,noise_3_token_shuffle,92213,0.13375,0.12775,0.071935,0.13375,100.0,1500
gemma,ms_marco,33,noise_4_semantic,37223,0.561167,-0.558833,0.198854,0.561167,100.0,1500
gemma,ms_marco,33,noise_5_adversarial,39801,0.3395,-0.3375,0.11046,0.3395,100.0,1500
gemma,qtsumm,19,noise_1_character,44171,0.001739,-0.000812,0.000503,0.001739,100.0,1078
gemma,qtsumm,19,noise_2_word_dropout,10418,0.001797,-0.000986,0.00057,0.001797,100.0,1078
gemma,qtsumm,19,noise_3_token_shuffle,0,0.0,0.0,0.0,0.0,100.0,1078
gemma,qtsumm,19,noise_4_semantic,44171,0.001797,-0.00087,0.000516,0.001797,100.0,1078
gemma,qtsumm,19,noise_5_adversarial,19484,0.002725,-0.000522,0.000799,0.002725,100.0,1078
gemma,qtsumm,23,noise_1_character,85254,0.002029,0.000174,0.000575,0.002029,100.0,1078
gemma,qtsumm,23,noise_2_word_dropout,50550,0.001971,-0.000232,0.000653,0.001971,100.0,1078
gemma,qtsumm,23,noise_3_token_shuffle,0,0.0,0.0,0.0,0.0,100.0,1078
gemma,qtsumm,23,noise_4_semantic,31440,0.001797,-0.000986,0.000596,0.001797,99.91,1078
gemma,qtsumm,23,noise_5_adversarial,31440,0.003015,-0.000928,0.00092,0.003015,99.91,1078
gemma,qtsumm,26,noise_1_character,8637,0.003073,-0.000174,0.000833,0.003073,100.0,1078
gemma,qtsumm,26,noise_2_word_dropout,72556,0.003131,0.000116,0.000884,0.003131,100.0,1078
gemma,qtsumm,26,noise_3_token_shuffle,0,0.0,0.0,0.0,0.0,100.0,1078
gemma,qtsumm,26,noise_4_semantic,21122,0.002899,0.000116,0.000844,0.002899,100.0,1078
gemma,qtsumm,26,noise_5_adversarial,11654,0.004696,-0.000986,0.00132,0.004696,100.0,1078
gemma,qtsumm,29,noise_1_character,46445,0.003421,-0.001333,0.001008,0.003421,99.91,1078
gemma,qtsumm,29,noise_2_word_dropout,34479,0.003885,-0.001333,0.001069,0.003885,100.0,1078
gemma,qtsumm,29,noise_3_token_shuffle,0,0.0,0.0,0.0,0.0,100.0,1078
gemma,qtsumm,29,noise_4_semantic,46445,0.003247,-0.001391,0.001017,0.003247,99.91,1078
gemma,qtsumm,29,noise_5_adversarial,7702,0.00545,-0.00058,0.001589,0.00545,99.91,1078
gemma,qtsumm,33,noise_1_character,74718,0.004754,-0.00058,0.001371,0.004754,100.0,1078
gemma,qtsumm,33,noise_2_word_dropout,61373,0.004754,0.001044,0.001516,0.004754,99.91,1078
gemma,qtsumm,33,noise_3_token_shuffle,0,0.0,0.0,0.0,0.0,100.0,1078
gemma,qtsumm,33,noise_4_semantic,55898,0.004522,-0.000812,0.001389,0.004522,99.91,1078
gemma,qtsumm,33,noise_5_adversarial,47355,0.006494,-0.001391,0.002161,0.006494,99.91,1078
